City_ID,City,Country,Date,Lat,Lng,Max Temp,Humidity,Cloudiness,Wind Speed,Current Description
0,Campbellsville,US,2021-10-16 13:36:43,37.3434,-85.3419,54.68,69,61,3.0,broken clouds
1,Port Elizabeth,ZA,2021-10-16 13:33:49,-33.918,25.5701,70.11,45,0,31.07,clear sky
2,Mehamn,NO,2021-10-16 13:36:43,71.0357,27.8492,39.27,84,100,24.52,light rain
3,Busselton,AU,2021-10-16 13:29:17,-33.65,115.3333,61.09,74,94,10.27,overcast clouds
4,Bambous Virieux,MU,2021-10-16 13:36:44,-20.3428,57.7575,77.25,65,75,16.11,broken clouds
5,Coihaique,CL,2021-10-16 13:36:44,-45.5752,-72.0662,49.95,53,75,9.22,broken clouds
6,Rondonopolis,BR,2021-10-16 13:36:45,-16.4708,-54.6356,78.94,78,100,7.7,moderate rain
7,Bethel,US,2021-10-16 13:36:45,41.3712,-73.414,71.01,83,1,1.01,clear sky
8,Castro,BR,2021-10-16 13:35:51,-24.7911,-50.0119,69.13,77,91,4.07,overcast clouds
9,Ushuaia,AR,2021-10-16 13:33:29,-54.8,-68.3,33.42,86,90,27.63,heavy snow
10,Albany,US,2021-10-16 13:30:02,42.6001,-73.9662,70.66,88,100,1.01,overcast clouds
11,Beloha,MG,2021-10-16 13:36:46,-25.1667,45.05,84.6,37,6,14.74,clear sky
12,Butaritari,KI,2021-10-16 13:35:41,3.0707,172.7902,81.37,73,33,17.69,scattered clouds
13,Dudinka,RU,2021-10-16 13:36:47,69.4058,86.1778,29.37,97,100,19.77,snow
14,Katsuura,JP,2021-10-16 13:36:47,35.1333,140.3,73.18,87,40,24.7,scattered clouds
15,Rikitea,PF,2021-10-16 13:29:06,-23.1203,-134.9692,74.3,76,12,5.53,few clouds
16,Tasiilaq,GL,2021-10-16 13:36:48,65.6145,-37.6368,33.96,69,100,6.96,overcast clouds
17,Talnakh,RU,2021-10-16 13:36:48,69.4865,88.3972,22.87,97,88,10.69,overcast clouds
18,Puerto Ayora,EC,2021-10-16 13:31:49,-0.7393,-90.3518,69.55,90,98,8.01,overcast clouds
19,Sayyan,YE,2021-10-16 13:36:49,15.1718,44.3244,67.86,10,79,15.7,broken clouds
20,Batticaloa,LK,2021-10-16 13:36:49,7.7102,81.6924,85.35,62,86,10.2,overcast clouds
21,Oranjemund,NA,2021-10-16 13:36:50,-28.55,16.4333,60.85,53,4,23.38,clear sky
22,Ponta Do Sol,PT,2021-10-16 13:34:37,32.6667,-17.1,83.71,53,39,2.68,scattered clouds
23,Hermanus,ZA,2021-10-16 13:36:51,-34.4187,19.2345,58.8,59,100,22.01,light rain
24,Lorengau,PG,2021-10-16 13:36:51,-2.0226,147.2712,81.93,83,35,9.71,scattered clouds
25,Pisco,PE,2021-10-16 13:36:52,-13.7,-76.2167,64.45,77,0,10.36,clear sky
26,Upernavik,GL,2021-10-16 13:36:52,72.7868,-56.1549,20.28,53,10,7.29,clear sky
27,Sorong,ID,2021-10-16 13:36:52,-0.8833,131.25,82.51,82,100,12.46,overcast clouds
28,Jamestown,US,2021-10-16 13:30:12,42.097,-79.2353,60.12,99,90,4.0,light rain
29,Linxia,CN,2021-10-16 13:36:53,35.6003,103.2064,47.44,64,81,4.07,broken clouds
30,Sitka,US,2021-10-16 13:36:53,57.0531,-135.33,39.09,87,90,3.44,overcast clouds
31,Port Alfred,ZA,2021-10-16 13:34:39,-33.5906,26.891,65.28,50,19,29.71,few clouds
32,Baruun-Urt,MN,2021-10-16 13:36:54,46.6806,113.2792,26.28,41,4,11.97,clear sky
33,New Norfolk,AU,2021-10-16 13:36:54,-42.7826,147.0587,49.5,64,100,4.16,overcast clouds
34,Bluff,NZ,2021-10-16 13:33:29,-46.6,168.3333,52.57,73,100,13.4,light rain
35,Birao,CF,2021-10-16 13:36:55,10.2849,22.7882,91.6,45,15,1.92,few clouds
36,Hlatikulu,SZ,2021-10-16 13:36:55,-26.9667,31.3167,78.6,52,15,18.9,few clouds
37,Revin,FR,2021-10-16 13:36:56,49.9404,4.635,55.42,55,8,2.37,clear sky
38,Kyabe,TD,2021-10-16 13:36:57,9.4515,18.9449,91.33,48,44,3.04,scattered clouds
39,Cape Town,ZA,2021-10-16 13:33:37,-33.9258,18.4232,62.11,65,75,5.99,broken clouds
40,Storm Lake,US,2021-10-16 13:36:57,42.6411,-95.2097,37.29,93,1,10.36,clear sky
41,Fort Nelson,CA,2021-10-16 13:34:10,58.8053,-122.7002,24.39,86,1,3.44,clear sky
42,Grindavik,IS,2021-10-16 13:36:58,63.8424,-22.4338,40.95,81,75,10.36,broken clouds
43,Kodiak,US,2021-10-16 13:36:58,57.79,-152.4072,34.9,62,2,6.89,clear sky
44,Mendi,PG,2021-10-16 13:36:59,-6.1761,143.6513,56.3,99,100,0.54,overcast clouds
45,Exu,BR,2021-10-16 13:36:59,-7.5119,-39.7242,92.28,28,73,9.57,broken clouds
46,Saskylakh,RU,2021-10-16 13:37:00,71.9167,114.0833,12.42,96,100,3.47,overcast clouds
47,Mantua,IT,2021-10-16 13:33:56,45.1667,10.7833,70.43,45,6,1.99,clear sky
48,Esperance,AU,2021-10-16 13:33:24,-33.8667,121.9,62.44,61,100,12.93,overcast clouds
49,Kapaa,US,2021-10-16 13:31:50,22.0752,-159.319,73.72,81,1,14.97,clear sky
50,Norman Wells,CA,2021-10-16 13:37:01,65.282,-126.8329,28.44,86,90,12.66,light snow
51,Chifeng,CN,2021-10-16 13:37:01,42.2683,118.9636,31.5,25,0,7.99,clear sky
52,Qaanaaq,GL,2021-10-16 13:37:02,77.484,-69.3632,19.45,87,99,8.9,overcast clouds
53,Ahipara,NZ,2021-10-16 13:37:03,-35.1667,173.1667,59.0,78,100,15.32,light rain
54,Avarua,CK,2021-10-16 13:31:47,-21.2078,-159.775,73.45,94,0,3.44,light rain
55,Chuy,UY,2021-10-16 13:37:03,-33.6971,-53.4616,60.04,49,4,9.89,clear sky
56,East London,ZA,2021-10-16 13:37:03,-33.0153,27.9116,65.34,59,20,18.41,few clouds
57,Teguise,ES,2021-10-16 13:37:04,29.0605,-13.564,71.82,88,20,16.11,few clouds
58,Aldan,RU,2021-10-16 13:34:23,58.6031,125.3894,7.36,90,25,6.4,scattered clouds
59,Safaga,EG,2021-10-16 13:37:04,26.7292,33.9365,98.55,32,0,19.82,clear sky
60,Mataura,NZ,2021-10-16 13:34:40,-46.1927,168.8643,48.31,82,100,6.62,overcast clouds
61,Ponta Delgada,PT,2021-10-16 13:37:05,37.7333,-25.6667,72.32,83,40,11.5,scattered clouds
62,Yellowknife,CA,2021-10-16 13:34:10,62.456,-114.3525,36.41,100,90,5.75,overcast clouds
63,Georgetown,MY,2021-10-16 13:29:06,5.4112,100.3354,84.13,84,40,4.61,thunderstorm with light rain
64,Geraldton,AU,2021-10-16 13:37:06,-28.7667,114.6,63.12,77,40,0.0,scattered clouds
65,Zhengjiatun,CN,2021-10-16 13:37:06,43.5064,123.5064,29.26,34,0,9.06,clear sky
66,Barrow,US,2021-10-16 13:34:38,71.2906,-156.7887,21.22,73,90,13.8,light snow
67,Khorixas,NA,2021-10-16 13:37:07,-20.3667,14.9667,84.9,9,0,12.88,clear sky
68,Port Lincoln,AU,2021-10-16 13:37:07,-34.7333,135.8667,52.48,76,36,4.65,scattered clouds
69,Tutoia,BR,2021-10-16 13:37:08,-2.7619,-42.2744,89.51,53,96,13.69,overcast clouds
70,Hilo,US,2021-10-16 13:37:08,19.7297,-155.09,72.28,92,90,8.05,moderate rain
71,Vostok,RU,2021-10-16 13:37:08,46.4856,135.8833,20.41,82,98,11.74,overcast clouds
72,Kahului,US,2021-10-16 13:37:09,20.8947,-156.47,73.85,91,90,12.66,moderate rain
73,Hithadhoo,MV,2021-10-16 13:33:25,-0.6,73.0833,83.48,71,98,20.24,overcast clouds
74,Praia Da Vitoria,PT,2021-10-16 13:36:31,38.7333,-27.0667,71.85,83,40,14.97,scattered clouds
75,Avera,US,2021-10-16 13:37:10,33.194,-82.5271,72.91,71,2,11.72,clear sky
76,Arraial Do Cabo,BR,2021-10-16 13:33:28,-22.9661,-42.0278,78.76,83,75,11.5,light rain
77,Atuona,PF,2021-10-16 13:37:10,-9.8,-139.0333,77.0,79,32,21.12,light rain
78,Butembo,CD,2021-10-16 13:37:11,0.15,29.2833,64.72,90,100,1.92,light rain
79,Punta Arenas,CL,2021-10-16 13:37:11,-53.15,-70.9167,39.31,70,75,34.52,light rain
80,South Sioux City,US,2021-10-16 13:37:11,42.4739,-96.4136,41.74,79,1,3.44,clear sky
81,Guerrero Negro,MX,2021-10-16 13:37:12,27.9769,-114.0611,66.54,54,0,3.29,clear sky
82,Baykit,RU,2021-10-16 13:37:12,61.67,96.37,30.61,97,60,3.51,broken clouds
83,Namibe,AO,2021-10-16 13:37:13,-15.1961,12.1522,75.83,69,40,11.5,scattered clouds
84,El Bordo,CO,2021-10-16 13:37:13,2.117,-76.9821,74.71,75,87,0.69,overcast clouds
85,Torbay,CA,2021-10-16 13:37:14,47.6666,-52.7314,47.75,95,90,21.85,light intensity drizzle
86,Taltal,CL,2021-10-16 13:37:14,-25.4,-70.4833,62.33,64,0,7.11,clear sky
87,Chokurdakh,RU,2021-10-16 13:37:15,70.6333,147.9167,-4.09,100,83,5.08,broken clouds
88,Vaini,TO,2021-10-16 13:35:40,-21.2,-175.2,73.56,94,75,6.91,broken clouds
89,Axim,GH,2021-10-16 13:37:15,4.8699,-2.2405,84.36,69,25,9.73,scattered clouds
90,Pacific Grove,US,2021-10-16 13:37:16,36.6177,-121.9166,65.16,38,1,3.44,clear sky
91,Hobart,AU,2021-10-16 13:33:27,-42.8794,147.3294,49.86,70,75,1.01,broken clouds
92,Coahuayana,MX,2021-10-16 13:37:16,18.7333,-103.6833,81.88,84,44,3.4,scattered clouds
93,Porto Walter,BR,2021-10-16 13:34:41,-8.2686,-72.7439,88.38,53,71,4.72,broken clouds
94,Gamba,GA,2021-10-16 13:37:17,-2.65,10.0,81.72,70,92,11.16,overcast clouds
95,Lebu,CL,2021-10-16 13:37:17,-37.6167,-73.65,53.55,67,21,8.79,few clouds
96,Dzaoudzi,YT,2021-10-16 13:37:18,-12.7887,45.2699,82.29,61,0,10.36,clear sky
97,Iquique,CL,2021-10-16 13:37:18,-20.2208,-70.1431,62.64,65,0,7.31,clear sky
98,Morant Bay,JM,2021-10-16 13:37:19,17.8815,-76.4093,85.62,71,31,4.32,scattered clouds
99,Banepa,NP,2021-10-16 13:37:19,27.6298,85.5214,73.72,78,75,4.61,broken clouds
100,Barranca,PE,2021-10-16 13:37:20,-10.75,-77.7667,63.09,84,97,6.26,overcast clouds
101,Itarema,BR,2021-10-16 13:37:20,-2.9248,-39.9167,91.04,49,100,17.9,overcast clouds
102,Beian,NO,2021-10-16 13:37:20,63.6559,9.5683,42.89,81,40,14.97,scattered clouds
103,San Cristobal,VE,2021-10-16 13:31:50,7.7669,-72.225,69.98,54,60,1.3,broken clouds
104,Casper,US,2021-10-16 13:37:21,42.8666,-106.3131,40.71,63,1,11.99,clear sky
105,Dikson,RU,2021-10-16 13:37:21,73.5069,80.5464,30.9,97,100,15.57,overcast clouds
106,Kindu,CD,2021-10-16 13:37:22,-2.95,25.95,80.35,65,100,2.62,overcast clouds
107,Kasese,UG,2021-10-16 13:37:22,0.1833,30.0833,74.28,86,99,3.85,light rain
108,Aswan,EG,2021-10-16 13:37:23,24.0934,32.907,106.9,12,0,11.5,clear sky
109,Daru,PG,2021-10-16 13:37:23,-9.0763,143.2092,79.32,85,12,10.98,few clouds
110,Thompson,CA,2021-10-16 13:36:19,55.7435,-97.8558,33.96,100,90,6.91,overcast clouds
111,Clyde River,CA,2021-10-16 13:37:24,70.4692,-68.5914,25.03,86,90,2.3,overcast clouds
112,Bredasdorp,ZA,2021-10-16 13:36:05,-34.5322,20.0403,58.28,46,94,22.15,overcast clouds
113,Margate,GB,2021-10-16 13:36:48,51.3813,1.3862,59.88,65,80,1.99,broken clouds
114,Touros,BR,2021-10-16 13:37:25,-5.1989,-35.4608,86.9,55,89,18.05,overcast clouds
115,Zaysan,KZ,2021-10-16 13:37:26,47.4667,84.8667,47.91,36,0,5.61,clear sky
116,Yima,CN,2021-10-16 13:37:26,34.7381,111.8839,45.7,57,6,7.81,light rain
117,North Bend,US,2021-10-16 13:37:26,43.4065,-124.2243,47.86,96,1,9.22,clear sky
118,Lakselv,NO,2021-10-16 13:37:27,70.0513,24.9718,39.02,81,90,18.41,light rain
119,Alot,IN,2021-10-16 13:37:27,23.7667,75.55,79.09,50,96,5.55,overcast clouds
120,Conde,BR,2021-10-16 13:37:28,-7.2597,-34.9075,85.46,54,40,11.5,scattered clouds
121,Miass,RU,2021-10-16 13:37:29,55.045,60.1083,41.09,62,32,4.63,scattered clouds
122,Carutapera,BR,2021-10-16 13:37:29,-1.195,-46.02,87.64,61,95,9.75,overcast clouds
123,Qaqortoq,GL,2021-10-16 13:37:29,60.7167,-46.0333,30.7,54,1,2.86,clear sky
124,Nanortalik,GL,2021-10-16 13:37:30,60.1432,-45.2371,42.85,55,12,5.03,few clouds
125,Yarmouth,US,2021-10-16 13:37:30,41.7057,-70.2286,71.02,91,20,9.22,few clouds
126,Petropavlovsk-Kamchatskiy,RU,2021-10-16 13:37:30,53.0452,158.6483,41.59,42,0,22.37,clear sky
127,San Quintin,MX,2021-10-16 13:33:28,30.4833,-115.95,64.85,49,0,0.94,clear sky
128,Ukiah,US,2021-10-16 13:36:47,39.1502,-123.2078,59.04,50,6,3.22,clear sky
129,Nikolskoye,RU,2021-10-16 13:33:26,59.7035,30.7861,47.88,62,61,12.26,broken clouds
130,Souillac,MU,2021-10-16 13:35:40,-20.5167,57.5167,77.38,65,75,16.11,broken clouds
131,Beira,MZ,2021-10-16 13:37:32,-19.8436,34.8389,84.9,63,9,14.45,clear sky
132,Mahajanga,MG,2021-10-16 13:37:32,-15.7167,46.3167,87.82,45,20,18.41,few clouds
133,Drabiv,UA,2021-10-16 13:37:32,49.963,32.1529,46.92,85,100,5.06,overcast clouds
134,Katherine,AU,2021-10-16 13:37:33,-14.4667,132.2667,89.92,43,90,8.05,overcast clouds
135,Muzhi,RU,2021-10-16 13:37:33,65.3667,64.6667,42.93,77,100,12.82,overcast clouds
136,Mount Gambier,AU,2021-10-16 13:37:34,-37.8333,140.7667,48.11,93,90,3.44,overcast clouds
137,Bonga,ET,2021-10-16 13:37:34,7.2833,36.2333,68.32,71,100,1.54,overcast clouds
138,Pangnirtung,CA,2021-10-16 13:34:36,66.1451,-65.7125,31.69,53,5,5.3,clear sky
139,Broome,US,2021-10-16 13:37:35,42.2506,-75.833,70.38,89,90,10.0,overcast clouds
140,Kaabong,UG,2021-10-16 13:37:35,3.4836,34.1492,78.69,39,78,8.86,broken clouds
141,Port Antonio,JM,2021-10-16 13:37:36,18.18,-76.4612,85.91,72,11,2.04,few clouds
142,Portland,US,2021-10-16 13:34:09,45.5234,-122.6762,50.7,94,40,5.75,scattered clouds
143,Korla,CN,2021-10-16 13:37:36,41.7597,86.1469,54.37,32,6,3.51,clear sky
144,Nova Olimpia,BR,2021-10-16 13:37:37,-14.7972,-57.2881,69.24,89,100,6.17,overcast clouds
145,Maningrida,AU,2021-10-16 13:37:37,-12.0667,134.2667,82.22,76,32,6.78,scattered clouds
146,Tessalit,ML,2021-10-16 13:37:38,20.1986,1.0114,99.72,7,2,6.76,clear sky
147,Senneterre,CA,2021-10-16 13:37:38,48.3835,-77.2328,52.02,95,100,9.13,moderate rain
148,Hammond,US,2021-10-16 13:36:24,41.5834,-87.5,49.21,78,1,4.0,clear sky
149,Haines Junction,CA,2021-10-16 13:37:39,60.7522,-137.5108,13.95,92,28,0.0,scattered clouds
150,Cabo San Lucas,MX,2021-10-16 13:37:39,22.8909,-109.9124,73.15,74,36,3.78,scattered clouds
151,Rio Grande,BR,2021-10-16 13:37:39,-32.035,-52.0986,62.71,60,14,15.79,few clouds
152,Kvareli,GE,2021-10-16 13:37:40,41.9524,45.8151,64.67,78,0,1.9,clear sky
153,Panjab,AF,2021-10-16 13:37:41,34.388,67.0233,48.2,12,5,5.06,clear sky
154,Rabo De Peixe,PT,2021-10-16 13:37:41,37.8,-25.5833,71.11,83,40,11.5,scattered clouds
155,Cockburn Town,TC,2021-10-16 13:35:53,21.4612,-71.1419,81.46,71,62,6.11,broken clouds
156,Mitsamiouli,KM,2021-10-16 13:37:41,-11.3847,43.2844,80.89,65,75,11.5,broken clouds
157,Porto Santo,PT,2021-10-16 13:37:42,33.072,-16.3415,75.58,64,20,8.05,few clouds
158,Obera,AR,2021-10-16 13:37:42,-27.4871,-55.1199,62.11,78,97,5.68,overcast clouds
159,Waddan,LY,2021-10-16 13:37:43,29.1614,16.139,77.86,24,0,4.74,clear sky
160,Ixtapa,MX,2021-10-16 13:37:43,20.7,-105.2,77.23,78,75,2.3,broken clouds
161,Funadhoo,MV,2021-10-16 13:37:44,6.15,73.2667,81.79,80,100,25.5,overcast clouds
162,Hopkinsville,US,2021-10-16 13:34:00,36.8656,-87.4886,53.06,90,0,11.12,clear sky
163,Lucapa,AO,2021-10-16 13:37:44,-8.4192,20.7447,82.98,51,99,10.4,overcast clouds
164,Sola,VU,2021-10-16 13:37:45,-13.8833,167.55,80.44,77,93,4.79,overcast clouds
165,Altamira,BR,2021-10-16 13:37:45,-3.2033,-52.2064,84.29,74,75,4.61,broken clouds
166,Blora,ID,2021-10-16 13:37:45,-6.9698,111.4186,82.09,68,99,5.28,overcast clouds
167,Mococa,BR,2021-10-16 13:37:46,-21.4678,-47.0047,80.96,63,100,4.99,overcast clouds
168,Tromso,NO,2021-10-16 13:37:47,69.6496,18.957,38.37,81,40,6.91,scattered clouds
169,Marapanim,BR,2021-10-16 13:37:47,-0.7175,-47.6997,89.29,56,97,8.59,overcast clouds
170,Ronne,DK,2021-10-16 13:37:48,55.1009,14.7066,53.51,62,75,23.02,broken clouds
171,Mogadishu,SO,2021-10-16 13:35:04,2.0371,45.3438,84.07,84,40,17.27,scattered clouds
172,Kamariotissa,GR,2021-10-16 13:37:48,40.4833,25.4667,68.05,68,98,6.85,overcast clouds
173,Los Llanos De Aridane,ES,2021-10-16 13:37:49,28.6585,-17.9182,73.15,85,4,5.75,volcanic ash
174,Yulara,AU,2021-10-16 13:37:49,-25.2406,130.9889,78.64,11,82,6.91,broken clouds
175,Codrington,AU,2021-10-16 13:37:50,-38.2667,141.9667,50.74,85,100,6.87,overcast clouds
176,Brae,GB,2021-10-16 13:37:50,60.3964,-1.353,49.91,73,100,8.43,overcast clouds
177,Port Hardy,CA,2021-10-16 13:37:51,50.6996,-127.4199,50.18,93,90,2.3,light rain
178,Vadso,NO,2021-10-16 13:37:51,70.0744,29.7487,41.88,87,75,21.85,light rain
179,Bucerias,MX,2021-10-16 13:37:52,20.75,-105.3333,77.99,78,75,2.3,broken clouds
180,Fairbanks,US,2021-10-16 13:37:52,64.8378,-147.7164,28.22,91,90,0.0,light snow
181,Vao,NC,2021-10-16 13:37:53,-22.6667,167.4833,71.96,89,100,9.93,overcast clouds
182,Luderitz,NA,2021-10-16 13:37:53,-26.6481,15.1594,68.02,42,0,37.36,clear sky
183,La Rioja,ES,2021-10-16 13:36:06,42.25,-2.5,66.04,41,79,7.38,broken clouds
184,Khatanga,RU,2021-10-16 13:37:54,71.9667,102.5,3.56,96,99,7.52,overcast clouds
185,Lindi,TZ,2021-10-16 13:37:55,-10.0,39.7167,81.54,64,50,10.09,scattered clouds
186,Xichang,CN,2021-10-16 13:37:55,27.8964,102.2634,56.1,80,100,2.19,overcast clouds
187,Deputatskiy,RU,2021-10-16 13:37:55,69.3,139.9,-6.02,100,100,1.79,overcast clouds
188,Casino,AU,2021-10-16 13:37:56,-28.8667,153.05,58.95,58,3,2.3,clear sky
189,Kudahuvadhoo,MV,2021-10-16 13:37:57,2.6708,72.8944,82.92,78,100,24.92,overcast clouds
190,Divnomorskoye,RU,2021-10-16 13:37:57,44.5011,38.1353,65.75,87,42,3.83,scattered clouds
191,Nouadhibou,MR,2021-10-16 13:37:58,20.931,-17.0347,93.18,38,0,8.05,clear sky
192,Meulaboh,ID,2021-10-16 13:37:58,4.1363,96.1285,80.69,77,96,0.25,overcast clouds
193,Ribeira Grande,PT,2021-10-16 13:37:58,38.5167,-28.7,72.0,88,75,19.57,broken clouds
194,Matay,EG,2021-10-16 13:37:59,28.419,30.7792,93.72,11,66,15.46,broken clouds
195,Tomatlan,MX,2021-10-16 13:37:59,19.9333,-105.25,76.03,88,3,2.57,clear sky
196,Talcahuano,CL,2021-10-16 13:38:00,-36.7167,-73.1167,53.28,66,0,3.44,clear sky
197,Tuatapere,NZ,2021-10-16 13:38:00,-46.1333,167.6833,47.84,81,100,5.84,overcast clouds
198,Sinnamary,GF,2021-10-16 13:38:01,5.3833,-52.95,86.88,64,78,8.5,broken clouds
199,Hami,CN,2021-10-16 13:38:01,42.8,93.45,58.28,18,0,5.21,clear sky
200,Tucurui,BR,2021-10-16 13:38:02,-3.7661,-49.6725,95.68,41,58,5.03,broken clouds
201,Te Anau,NZ,2021-10-16 13:38:03,-45.4167,167.7167,44.76,86,100,3.42,overcast clouds
202,Santa Catarina De Tepehuanes,MX,2021-10-16 13:38:03,25.35,-105.7333,58.87,66,88,3.44,overcast clouds
203,Iqaluit,CA,2021-10-16 13:38:04,63.7506,-68.5145,26.33,86,20,1.99,few clouds
204,Tura,IN,2021-10-16 13:38:04,25.5198,90.2201,76.6,94,100,2.95,overcast clouds
205,Tuktoyaktuk,CA,2021-10-16 13:35:42,69.4541,-133.0374,26.6,86,90,3.44,overcast clouds
206,Kamaishi,JP,2021-10-16 13:38:05,39.2667,141.8833,57.02,95,100,5.39,light rain
207,Cherskiy,RU,2021-10-16 13:38:05,68.75,161.3,-10.3,100,69,2.82,broken clouds
208,Aleksandrov Gay,RU,2021-10-16 13:38:05,50.147,48.5704,53.11,50,56,8.86,broken clouds
209,Jimo,CN,2021-10-16 13:38:06,36.3897,120.4622,48.33,57,0,8.95,light rain
210,Leningradskiy,RU,2021-10-16 13:38:06,69.3833,178.4167,10.56,97,80,5.1,broken clouds
211,Hofn,IS,2021-10-16 13:38:07,64.2539,-15.2082,37.45,69,100,9.44,overcast clouds
212,Cassilandia,BR,2021-10-16 13:38:07,-19.1133,-51.7342,83.25,58,100,6.85,overcast clouds
213,Tomigusuku,JP,2021-10-16 13:38:08,26.185,127.675,80.37,78,20,12.66,few clouds
214,Fortuna,US,2021-10-16 13:38:08,40.5982,-124.1573,45.52,100,1,9.22,clear sky
215,Obo,CF,2021-10-16 13:38:09,5.3998,26.4869,80.47,75,90,1.32,moderate rain
216,Viedma,AR,2021-10-16 13:38:09,-40.8135,-62.9967,67.26,22,4,4.79,clear sky
217,La Ronge,CA,2021-10-16 13:38:10,55.1001,-105.2842,39.45,65,1,4.61,clear sky
218,Kavaratti,IN,2021-10-16 13:38:10,10.5669,72.642,81.37,78,100,21.88,moderate rain
219,Kangaatsiaq,GL,2021-10-16 13:38:11,68.3065,-53.4641,25.45,55,0,18.61,clear sky
220,Mednogorsk,RU,2021-10-16 13:38:11,51.4128,57.595,47.98,78,68,1.39,broken clouds
221,Mount Isa,AU,2021-10-16 13:38:12,-20.7333,139.5,64.17,42,0,1.14,clear sky
222,Kuito,AO,2021-10-16 13:38:12,-12.3833,16.9333,90.97,15,99,0.6,overcast clouds
223,Constitucion,CL,2021-10-16 13:38:12,-35.3333,-72.4167,56.66,52,1,11.7,clear sky
224,Nipawin,CA,2021-10-16 13:38:13,53.3668,-104.0009,35.64,69,1,10.36,clear sky
225,Elizabethton,US,2021-10-16 13:38:14,36.3487,-82.2107,70.48,73,90,4.61,mist
226,Cananea,MX,2021-10-16 13:38:14,30.95,-110.3,49.71,33,94,7.92,overcast clouds
227,Cabedelo,BR,2021-10-16 13:38:14,-6.9811,-34.8339,86.67,59,29,14.38,scattered clouds
228,Primorsk,UA,2021-10-16 13:38:15,46.7348,36.3443,60.67,52,100,9.95,overcast clouds
229,Faya,SA,2021-10-16 13:38:15,18.3851,42.4509,78.91,13,2,15.43,clear sky
230,Carnarvon,AU,2021-10-16 13:38:15,-24.8667,113.6333,68.07,73,0,16.11,clear sky
231,Pevek,RU,2021-10-16 13:38:16,69.7008,170.3133,5.88,93,46,3.91,scattered clouds
232,Beringovskiy,RU,2021-10-16 13:38:16,63.05,179.3167,32.76,72,100,29.66,overcast clouds
233,Floro,NO,2021-10-16 13:38:17,61.5996,5.0328,46.24,76,90,5.75,light rain
234,Sume,BR,2021-10-16 13:38:17,-7.6717,-36.88,90.68,31,53,15.9,broken clouds
235,Passagem Franca,BR,2021-10-16 13:38:18,-6.1797,-43.7836,98.19,29,43,5.35,scattered clouds
236,College,US,2021-10-16 13:38:18,64.8569,-147.8028,28.35,91,90,3.44,light snow
237,Duluth,US,2021-10-16 13:38:19,46.7833,-92.1066,44.35,85,1,3.0,clear sky
238,Fare,PF,2021-10-16 13:38:19,-16.7,-151.0167,79.47,74,29,23.44,scattered clouds
239,Longyearbyen,SJ,2021-10-16 13:38:20,78.2186,15.6401,26.44,54,75,16.11,broken clouds
240,Klaksvik,FO,2021-10-16 13:38:20,62.2266,-6.589,45.52,67,99,6.96,overcast clouds
241,Valparaiso,CL,2021-10-16 13:38:21,-33.0393,-71.6273,61.03,55,0,6.91,clear sky
242,Harwich,GB,2021-10-16 13:38:21,51.9419,1.2844,58.55,80,100,5.01,overcast clouds
243,Taoudenni,ML,2021-10-16 13:38:22,22.6783,-3.9836,101.66,10,2,6.17,clear sky
244,Gander,CA,2021-10-16 13:34:05,48.9682,-54.5906,41.38,100,90,27.0,mist
245,Sonoita,MX,2021-10-16 13:38:22,31.85,-112.8333,59.52,25,0,5.88,clear sky
246,Ekibastuz,KZ,2021-10-16 13:38:22,51.6667,75.3667,41.67,55,4,3.15,clear sky
247,San Juan,AR,2021-10-16 13:35:47,-31.5375,-68.5364,65.98,19,0,8.46,clear sky
248,Kenai,US,2021-10-16 13:31:35,60.5544,-151.2583,35.15,93,90,0.0,overcast clouds
249,Saint-Philippe,RE,2021-10-16 13:38:23,-21.3585,55.7679,80.19,79,50,14.83,scattered clouds
250,Tarakan,ID,2021-10-16 13:38:24,3.3,117.6333,83.7,84,20,1.14,few clouds
251,San Patricio,US,2021-10-16 13:34:38,28.017,-97.5169,68.85,55,100,16.35,overcast clouds
252,Rundu,NA,2021-10-16 13:38:24,-17.9333,19.7667,100.72,7,2,3.27,clear sky
253,Kyra,RU,2021-10-16 13:38:25,49.5776,111.9753,27.41,56,14,4.72,few clouds
254,Mocuba,MZ,2021-10-16 13:38:26,-16.8392,36.9856,99.64,20,73,2.53,broken clouds
255,Tiarei,PF,2021-10-16 13:38:26,-17.5333,-149.3333,75.22,69,6,21.47,clear sky
256,San Isidro,PE,2021-10-16 13:38:26,-12.1167,-77.05,71.02,82,75,1.01,broken clouds
257,Kampot,KH,2021-10-16 13:38:27,10.6167,104.1833,80.65,83,88,3.04,overcast clouds
258,Skeldon,GY,2021-10-16 13:38:27,5.8833,-57.1333,88.79,58,21,7.7,few clouds
259,Bandarbeyla,SO,2021-10-16 13:38:27,9.4942,50.8122,80.74,80,2,13.35,clear sky
260,San Policarpo,PH,2021-10-16 13:38:28,12.1791,125.5072,80.91,83,66,6.98,broken clouds
261,Vanimo,PG,2021-10-16 13:38:28,-2.6741,141.3028,79.5,88,100,4.05,overcast clouds
262,Lazaro Cardenas,MX,2021-10-16 13:38:29,17.9583,-102.2,79.86,86,92,3.71,overcast clouds
263,Buraydah,SA,2021-10-16 13:38:29,26.326,43.975,100.85,10,0,3.22,clear sky
264,Heilbron,ZA,2021-10-16 13:38:30,-27.2812,27.9709,83.34,11,82,22.32,broken clouds
265,Ilheus,BR,2021-10-16 13:38:30,-14.7889,-39.0494,84.02,79,40,11.5,scattered clouds
266,Vestmannaeyjar,IS,2021-10-16 13:38:31,63.4427,-20.2734,41.99,87,75,23.02,broken clouds
267,Karratha,AU,2021-10-16 13:38:31,-20.7377,116.8463,75.31,62,0,15.55,clear sky
268,Ziniare,BF,2021-10-16 13:38:32,12.5822,-1.2983,98.64,17,8,5.77,clear sky
269,Laguna,US,2021-10-16 13:38:32,38.421,-121.4238,64.2,73,1,0.0,clear sky
270,Laramie,US,2021-10-16 13:38:33,41.3114,-105.5911,40.86,65,1,12.66,clear sky
271,Muros,ES,2021-10-16 13:38:33,42.7762,-9.0603,62.98,92,100,8.3,overcast clouds
272,Asuncion,PY,2021-10-16 13:38:34,-25.3007,-57.6359,63.9,77,90,9.22,overcast clouds
273,Henties Bay,NA,2021-10-16 13:38:34,-22.116,14.2845,66.85,68,0,18.79,clear sky
274,Acapulco,MX,2021-10-16 13:38:35,16.8634,-99.8901,78.62,94,90,0.0,overcast clouds
275,La Peca,PE,2021-10-16 13:38:35,-5.6111,-78.435,71.02,83,100,2.73,light rain
276,Kavieng,PG,2021-10-16 13:38:35,-2.5744,150.7967,83.48,71,74,13.71,broken clouds
277,Atar,MR,2021-10-16 13:38:36,20.5169,-13.0499,102.56,10,100,13.27,overcast clouds
278,Pitmoaga,BF,2021-10-16 13:38:36,12.2397,-1.8767,98.22,17,11,8.25,few clouds
279,Acarau,BR,2021-10-16 13:34:53,-2.8856,-40.12,90.32,52,100,17.27,overcast clouds
280,Galesong,ID,2021-10-16 13:38:37,-5.3166,119.3661,77.02,79,67,5.39,broken clouds
281,Charlottetown,CA,2021-10-16 13:37:40,46.2352,-63.1267,57.42,93,75,2.3,broken clouds
282,Adrar,MR,2021-10-16 13:38:38,20.5022,-10.0711,98.96,10,98,10.2,overcast clouds
283,Erenhot,CN,2021-10-16 13:38:38,43.6475,111.9767,32.02,23,0,9.93,clear sky
284,Hasaki,JP,2021-10-16 13:38:38,35.7333,140.8333,72.28,86,64,25.34,broken clouds
285,Nome,US,2021-10-16 13:38:39,64.5011,-165.4064,28.47,70,90,6.91,overcast clouds
286,Tual,ID,2021-10-16 13:38:39,-5.6667,132.75,83.41,78,54,7.9,broken clouds
287,Sedro-Woolley,US,2021-10-16 13:34:37,48.5039,-122.2361,57.78,87,100,1.01,overcast clouds
288,Terrace,CA,2021-10-16 13:38:40,54.5163,-128.6035,39.11,100,90,8.05,mist
289,Banjar,ID,2021-10-16 13:38:40,-8.19,114.9675,82.26,90,65,4.56,broken clouds
290,Hambantota,LK,2021-10-16 13:38:41,6.1241,81.1185,84.54,79,40,12.66,scattered clouds
291,Wanning,CN,2021-10-16 13:38:41,18.8003,110.3967,76.48,89,100,20.27,overcast clouds
292,Limon,CR,2021-10-16 13:38:42,10.0,-83.0333,75.09,94,75,4.61,broken clouds
293,Bengkulu,ID,2021-10-16 13:38:42,-3.8004,102.2655,79.16,84,100,4.65,heavy intensity rain
294,Tadine,NC,2021-10-16 13:38:42,-21.55,167.8833,73.56,90,100,8.88,overcast clouds
295,Okato,NZ,2021-10-16 13:38:43,-39.2,173.8833,48.69,80,100,15.73,light rain
296,Kabansk,RU,2021-10-16 13:38:43,52.0486,106.6528,28.89,42,100,4.72,light snow
297,Luba,GQ,2021-10-16 13:38:44,3.4568,8.5547,80.35,80,40,6.06,light rain
298,Aksu,CN,2021-10-16 13:38:44,41.1231,80.2644,54.72,21,14,1.52,few clouds
299,Burnie,AU,2021-10-16 13:38:45,-41.0667,145.9167,48.92,79,82,10.25,broken clouds
300,Narsaq,GL,2021-10-16 13:34:36,60.9167,-46.05,30.42,46,0,2.48,clear sky
301,Bambanglipuro,ID,2021-10-16 13:38:45,-7.95,110.2833,62.6,82,32,5.21,scattered clouds
302,Teahupoo,PF,2021-10-16 13:38:46,-17.8333,-149.2667,69.76,71,52,20.94,broken clouds
303,Lubango,AO,2021-10-16 13:38:46,-14.9172,13.4925,87.66,3,20,2.3,few clouds
304,Olafsvik,IS,2021-10-16 13:38:47,64.8945,-23.7142,38.19,70,100,19.42,overcast clouds
305,Vereeniging,ZA,2021-10-16 13:35:56,-26.6731,27.9261,87.53,9,99,21.36,overcast clouds
306,Skole,UA,2021-10-16 13:38:47,49.0372,23.5135,48.29,58,74,5.1,broken clouds
307,Mar Del Plata,AR,2021-10-16 13:35:15,-38.0023,-57.5575,59.13,52,0,23.02,clear sky
308,Santander,ES,2021-10-16 13:38:48,43.4647,-3.8044,69.31,71,0,4.0,clear sky
309,Kursk,RU,2021-10-16 13:38:48,51.7303,36.1939,50.2,57,0,8.95,light rain
310,Bairiki,KI,2021-10-16 13:38:48,1.3292,172.9752,80.6,74,20,9.22,few clouds
311,Kaitangata,NZ,2021-10-16 13:38:49,-46.2817,169.8464,48.49,92,100,10.6,overcast clouds
312,Saint George,US,2021-10-16 13:38:49,37.1041,-113.5841,59.47,65,1,0.0,clear sky
313,Alenquer,BR,2021-10-16 13:38:49,-1.9417,-54.7383,88.14,40,99,5.3,overcast clouds
314,Iranshahr,IR,2021-10-16 13:38:50,27.2025,60.6848,91.74,6,0,13.8,clear sky
315,Havre-Saint-Pierre,CA,2021-10-16 13:38:50,50.2334,-63.5986,48.2,81,1,12.66,clear sky
316,Jaque,PA,2021-10-16 13:38:51,7.5175,-78.1703,79.21,86,100,6.4,light rain
317,Airai,TL,2021-10-16 13:38:51,-8.9266,125.4092,64.38,90,74,0.49,broken clouds
318,Mount Darwin,ZW,2021-10-16 13:34:21,-16.7725,31.5838,91.87,21,71,6.82,broken clouds
319,Ihosy,MG,2021-10-16 13:38:52,-22.4,46.1167,84.83,31,2,14.76,clear sky
320,Prieska,ZA,2021-10-16 13:34:19,-29.6641,22.7474,69.31,10,3,18.99,clear sky
321,Mezen,RU,2021-10-16 13:38:52,65.8522,44.24,37.44,97,100,10.2,overcast clouds
322,General Pico,AR,2021-10-16 13:38:53,-35.6566,-63.7568,66.72,27,0,14.0,clear sky
323,Mackenzie,CA,2021-10-16 13:38:53,55.2999,-123.1698,35.82,93,90,3.44,mist
324,Popondetta,PG,2021-10-16 13:38:53,-8.7537,148.2534,74.37,96,95,2.28,light rain
325,Sheregesh,RU,2021-10-16 13:38:54,52.9209,87.9869,33.46,72,61,2.01,broken clouds
326,Cap Malheureux,MU,2021-10-16 13:38:54,-19.9842,57.6142,77.49,73,38,11.99,scattered clouds
327,Mahebourg,MU,2021-10-16 13:29:19,-20.4081,57.7,77.29,65,75,16.11,broken clouds
328,Crixas,BR,2021-10-16 13:38:55,-14.5489,-49.9692,94.66,32,100,7.38,overcast clouds
329,Megion,RU,2021-10-16 13:38:55,61.0296,76.1136,41.02,77,81,13.89,broken clouds
330,Cape Coast,GH,2021-10-16 13:38:56,5.1053,-1.2466,83.14,74,48,11.48,scattered clouds
331,Vardo,NO,2021-10-16 13:38:56,70.3705,31.1107,41.2,92,100,18.23,light rain
332,Kralendijk,BQ,2021-10-16 13:38:56,12.15,-68.2667,85.98,79,90,12.66,overcast clouds
333,Greenville,US,2021-10-16 13:38:19,35.6127,-77.3663,72.99,80,1,8.05,clear sky
334,Green River,US,2021-10-16 13:38:57,41.5286,-109.4662,30.6,53,0,2.64,clear sky
335,Dingle,PH,2021-10-16 13:38:58,10.9995,122.6711,77.22,90,88,3.18,overcast clouds
336,Nueve De Julio,AR,2021-10-16 13:38:58,-35.4444,-60.8831,61.72,40,0,13.47,clear sky
337,Kristiinankaupunki,FI,2021-10-16 13:38:58,62.2743,21.376,45.21,72,19,21.97,few clouds
338,Den Helder,NL,2021-10-16 13:34:37,52.9599,4.7593,60.03,54,90,11.99,overcast clouds
339,Provideniya,RU,2021-10-16 13:38:59,64.3833,-173.3,22.51,91,74,10.45,broken clouds
340,Banda Aceh,ID,2021-10-16 13:39:00,5.5577,95.3222,81.79,80,100,7.52,overcast clouds
341,Najran,SA,2021-10-16 13:39:00,17.4924,44.1277,88.45,12,6,16.08,clear sky
342,Umm Lajj,SA,2021-10-16 13:39:00,25.0213,37.2685,86.32,65,0,6.42,clear sky
343,Atasu,KZ,2021-10-16 13:39:01,48.6814,71.6433,44.4,48,0,8.16,clear sky
344,Hervey Bay,AU,2021-10-16 13:39:02,-25.2986,152.8535,70.02,72,0,5.59,clear sky
345,Ouesso,CG,2021-10-16 13:39:03,1.6136,16.0517,86.83,55,99,3.04,overcast clouds
346,Okrika,NG,2021-10-16 13:39:04,4.7416,7.0849,87.85,61,61,8.25,light rain
347,Ancud,CL,2021-10-16 13:39:04,-41.8697,-73.8203,53.42,79,100,10.02,overcast clouds
348,Aneho,TG,2021-10-16 13:39:05,6.2333,1.6,86.2,72,95,13.8,overcast clouds
349,Soe,ID,2021-10-16 13:39:05,-9.8607,124.284,69.22,86,50,2.95,scattered clouds
350,Lucea,JM,2021-10-16 13:39:05,18.451,-78.1736,84.06,68,34,1.86,scattered clouds
351,Quang Ngai,VN,2021-10-16 13:39:06,15.1167,108.8,77.34,96,100,9.22,overcast clouds
352,Wundanyi,KE,2021-10-16 13:39:06,-3.4019,38.364,75.99,42,65,11.16,broken clouds
353,Saint-Denis,FR,2021-10-16 13:39:06,48.9167,2.3333,66.52,54,0,3.0,clear sky
354,Kaduqli,SD,2021-10-16 13:39:07,11.0167,29.7167,94.78,29,80,4.03,broken clouds
355,Walvis Bay,NA,2021-10-16 13:39:08,-22.9575,14.5053,67.08,55,0,29.19,clear sky
356,Flinders,AU,2021-10-16 13:39:08,-34.5833,150.8552,58.28,79,1,6.51,clear sky
357,Revda,RU,2021-10-16 13:39:09,56.801,59.9303,45.41,74,92,8.32,overcast clouds
358,Otradnoye,RU,2021-10-16 13:39:09,59.7775,30.8181,48.04,62,55,12.39,broken clouds
359,Bela Vista,BR,2021-10-16 13:39:09,-22.1089,-56.5211,65.73,93,100,6.29,overcast clouds
360,Isla Mujeres,MX,2021-10-16 13:39:10,21.2311,-86.731,77.16,69,10,6.44,clear sky
361,Campo De Criptana,ES,2021-10-16 13:39:10,39.4046,-3.1249,72.61,27,99,5.5,overcast clouds
362,Springbok,ZA,2021-10-16 13:39:10,-29.6643,17.8865,59.31,26,0,19.91,clear sky
363,Ban Nahin,LA,2021-10-16 13:36:59,18.2418,104.2122,72.48,79,100,4.7,overcast clouds
364,Samarai,PG,2021-10-16 13:39:11,-10.6167,150.6667,80.74,84,85,7.7,overcast clouds
365,Pleasanton,US,2021-10-16 13:39:12,37.6624,-121.8747,64.51,50,1,0.0,clear sky
366,Victoria,HK,2021-10-16 13:34:59,22.2855,114.1577,77.05,83,5,7.0,light rain
367,San Rafael Del Sur,NI,2021-10-16 13:39:12,11.8485,-86.4384,76.17,77,54,1.57,broken clouds
368,Diffa,NE,2021-10-16 13:39:12,13.3154,12.6113,91.53,40,100,9.57,overcast clouds
369,Zabid,YE,2021-10-16 13:39:13,14.1951,43.3152,91.83,49,59,12.01,broken clouds
370,Matara,LK,2021-10-16 13:39:13,5.9485,80.5353,79.41,86,88,14.43,overcast clouds
371,Kloulklubed,PW,2021-10-16 13:39:14,7.0419,134.2556,79.3,73,100,6.22,overcast clouds
372,Bilibino,RU,2021-10-16 13:39:14,68.0546,166.4372,-8.39,98,28,6.08,scattered clouds
373,Riberalta,BO,2021-10-16 13:39:15,-10.9833,-66.1,73.6,94,75,11.5,thunderstorm with light rain
374,Kabelvag,NO,2021-10-16 13:39:15,68.2114,14.4817,42.53,77,100,9.17,overcast clouds
375,Lafia,NG,2021-10-16 13:39:16,8.4833,8.5167,92.03,45,43,6.55,scattered clouds
376,Rehoboth,NA,2021-10-16 13:39:16,-23.3167,17.0833,81.19,10,0,5.37,clear sky
377,Aleksandrovsk,RU,2021-10-16 13:39:16,59.158,57.5624,42.8,89,100,8.77,overcast clouds
378,Peniche,PT,2021-10-16 13:39:17,39.3558,-9.3811,76.75,81,100,3.29,overcast clouds
379,Broken Hill,AU,2021-10-16 13:39:17,-31.95,141.4333,55.11,58,53,4.61,broken clouds
380,Kawalu,ID,2021-10-16 13:39:18,-7.3817,108.2082,73.98,92,100,2.39,overcast clouds
381,Garden City,US,2021-10-16 13:39:18,42.3256,-83.331,53.11,92,75,1.99,broken clouds
382,Rio Gallegos,AR,2021-10-16 13:39:19,-51.6226,-69.2181,42.85,42,20,36.82,few clouds
383,Lichinga,MZ,2021-10-16 13:39:19,-13.3128,35.2406,82.49,39,75,6.91,broken clouds
384,Boone,US,2021-10-16 13:39:20,39.0334,-92.3335,47.77,80,0,1.01,clear sky
385,Moron,AR,2021-10-16 13:39:20,-34.6534,-58.6198,64.02,34,0,5.99,clear sky
386,Umm Kaddadah,SD,2021-10-16 13:39:20,13.6017,26.6876,98.44,14,22,14.81,few clouds
387,Mvuma,ZW,2021-10-16 13:34:21,-19.2792,30.5283,92.79,11,5,6.91,clear sky
388,Maarianhamina,AX,2021-10-16 13:39:21,60.0973,19.9348,48.06,57,0,10.36,clear sky
389,Trincomalee,LK,2021-10-16 13:39:21,8.5711,81.2335,83.95,65,57,21.63,broken clouds
390,Soyo,AO,2021-10-16 13:39:22,-6.1349,12.3689,82.45,73,76,9.78,broken clouds
391,Perth,AU,2021-10-16 13:37:29,-31.9333,115.8333,64.09,80,75,6.91,broken clouds
392,Sao Jose Da Coroa Grande,BR,2021-10-16 13:39:22,-8.8978,-35.1478,82.6,69,56,12.84,broken clouds
393,Faanui,PF,2021-10-16 13:31:48,-16.4833,-151.75,79.66,77,16,20.33,few clouds
394,Lasa,IT,2021-10-16 13:39:23,46.6166,10.7002,63.48,51,17,1.63,few clouds
395,Vagay,RU,2021-10-16 13:39:23,57.9375,69.0217,48.06,66,100,5.99,overcast clouds
396,Hetauda,NP,2021-10-16 13:39:24,27.4284,85.0322,85.35,83,26,3.94,scattered clouds
397,Kaeo,NZ,2021-10-16 13:39:24,-35.1,173.7833,59.32,88,100,13.02,overcast clouds
398,Lata,PT,2021-10-16 13:39:24,40.1629,-8.3327,71.04,50,100,2.73,overcast clouds
399,Hokitika,NZ,2021-10-16 13:39:25,-42.7167,170.9667,48.09,84,100,7.78,overcast clouds
400,Mahendranagar,NP,2021-10-16 13:39:25,28.9167,80.3333,78.31,61,0,4.74,clear sky
401,Entebbe,UG,2021-10-16 13:39:26,0.0644,32.4469,79.12,69,20,17.27,few clouds
402,Gornozavodsk,RU,2021-10-16 13:39:26,58.3758,58.3211,41.4,86,100,9.31,overcast clouds
403,Albignasego,IT,2021-10-16 13:39:27,45.3475,11.8672,70.05,41,53,8.99,broken clouds
404,Rosario Do Sul,BR,2021-10-16 13:39:27,-30.2583,-54.9142,62.53,69,0,9.82,clear sky
405,Illela,NG,2021-10-16 13:39:28,13.7292,5.2975,101.61,10,14,8.99,few clouds
406,Kunda,IN,2021-10-16 13:39:28,25.7167,81.5167,84.31,60,87,6.15,overcast clouds
407,Puerto Colombia,CO,2021-10-16 13:37:42,10.9878,-74.9547,84.29,75,100,6.67,overcast clouds
408,Paita,PE,2021-10-16 13:39:29,-5.0892,-81.1144,66.76,76,98,10.11,overcast clouds
409,Padang,ID,2021-10-16 13:39:29,-0.9492,100.3543,80.65,84,100,2.95,light rain
410,Whitehorse,CA,2021-10-16 13:39:30,60.7161,-135.0538,23.77,73,20,3.0,few clouds
411,Teya,RU,2021-10-16 13:39:30,60.3778,92.6267,35.74,99,100,2.64,overcast clouds
412,Puerto Madryn,AR,2021-10-16 13:39:31,-42.7692,-65.0385,62.29,31,5,18.52,clear sky
413,Barry,GB,2021-10-16 13:39:31,51.4067,-3.2694,65.48,79,89,8.05,overcast clouds
414,Phan Thiet,VN,2021-10-16 13:39:32,10.9333,108.1,77.85,86,99,6.53,light rain
415,Marawi,PH,2021-10-16 13:39:32,7.9986,124.2928,70.65,95,100,1.12,overcast clouds
416,Darhan,MN,2021-10-16 13:39:32,49.4867,105.9228,30.29,52,11,6.4,few clouds
417,Mokhsogollokh,RU,2021-10-16 13:39:33,61.4681,128.9203,10.6,97,38,1.95,scattered clouds
418,Khandyga,RU,2021-10-16 13:39:33,62.6667,135.6,5.7,97,53,2.21,broken clouds
419,Unguia,CO,2021-10-16 13:39:33,8.0434,-77.0945,78.08,94,100,5.23,overcast clouds
420,Guymon,US,2021-10-16 13:39:34,36.6828,-101.4816,44.55,86,1,4.61,clear sky
421,Lagoa,PT,2021-10-16 13:39:34,39.05,-27.9833,69.69,86,100,22.53,overcast clouds
422,Jalu,LY,2021-10-16 13:39:35,29.0331,21.5482,82.65,27,0,12.12,clear sky
423,Barcelona,ES,2021-10-16 13:35:11,41.3888,2.159,75.45,71,40,1.01,scattered clouds
424,Soledad,CO,2021-10-16 13:39:35,10.9184,-74.7646,84.33,84,40,2.3,scattered clouds
425,Butterworth,MY,2021-10-16 13:39:36,5.3991,100.3638,84.24,86,40,5.01,scattered clouds
426,Caravelas,BR,2021-10-16 13:39:36,-17.7125,-39.2481,82.08,69,100,11.97,overcast clouds
427,Mayumba,GA,2021-10-16 13:39:37,-3.432,10.6554,79.41,78,98,10.96,overcast clouds
428,Shingu,JP,2021-10-16 13:39:37,33.7333,135.9833,70.23,90,26,5.48,scattered clouds
429,Necochea,AR,2021-10-16 13:31:47,-38.5473,-58.7368,59.77,51,0,17.45,clear sky
430,Murovane,UA,2021-10-16 13:39:38,49.5214,22.9367,49.59,63,14,7.18,few clouds
431,Dubbo,AU,2021-10-16 13:39:38,-32.25,148.6167,48.33,87,75,4.61,broken clouds
432,Mogzon,RU,2021-10-16 13:39:38,51.7435,111.9606,29.8,56,100,13.8,overcast clouds
433,Joensuu,FI,2021-10-16 13:39:39,62.6012,29.7632,43.29,68,75,5.99,broken clouds
434,Maceio,BR,2021-10-16 13:34:39,-9.6658,-35.7353,83.64,78,75,3.44,broken clouds
435,Asgabat,TM,2021-10-16 13:39:39,37.95,58.3833,73.26,15,0,4.61,clear sky
436,Kumbo,CM,2021-10-16 13:39:40,6.2,10.6667,68.34,80,96,1.81,moderate rain
437,Labuhan,ID,2021-10-16 13:39:40,-6.8844,112.2051,84.09,73,61,7.74,broken clouds
438,Sucila,MX,2021-10-16 13:39:41,21.15,-88.3167,82.87,69,8,4.81,clear sky
439,Bronnoysund,NO,2021-10-16 13:39:41,65.4625,12.1997,42.8,70,40,11.5,scattered clouds
440,Vermilion,US,2021-10-16 13:39:42,40.1667,-87.7506,48.61,79,1,6.91,clear sky
441,Tynda,RU,2021-10-16 13:39:42,55.1667,124.7167,14.25,70,26,0.74,scattered clouds
442,Sargodha,PK,2021-10-16 13:39:43,32.0836,72.6711,84.29,20,0,4.76,clear sky
443,Cairns,AU,2021-10-16 13:31:48,-16.9167,145.7667,75.07,82,10,0.0,clear sky
444,Santa Helena De Goias,BR,2021-10-16 13:39:43,-17.8136,-50.5969,76.62,70,100,7.29,overcast clouds
445,Coquimbo,CL,2021-10-16 13:39:44,-29.9533,-71.3436,56.93,76,20,4.61,few clouds
446,Salalah,OM,2021-10-16 13:39:44,17.0151,54.0924,82.49,78,0,8.05,clear sky
447,Portoferraio,IT,2021-10-16 13:39:44,42.8115,10.3146,72.99,42,0,8.05,clear sky
448,Cepu,ID,2021-10-16 13:39:45,-7.1475,111.5906,83.48,65,99,2.51,overcast clouds
449,Teruel,ES,2021-10-16 13:39:45,40.6667,-0.6667,62.08,31,83,7.34,broken clouds
450,Lisakovsk,KZ,2021-10-16 13:39:46,52.5369,62.4936,48.33,76,86,7.38,overcast clouds
451,Eresos,GR,2021-10-16 13:39:46,39.1667,25.9333,69.31,68,19,8.03,few clouds
452,Dunedin,NZ,2021-10-16 13:39:47,-45.8742,170.5036,52.81,83,100,11.99,light rain
453,Bemidji,US,2021-10-16 13:39:47,47.4736,-94.8803,37.06,96,1,6.91,clear sky
454,Yamada,JP,2021-10-16 13:39:48,39.4667,141.95,56.57,95,100,3.76,light rain
455,Cidreira,BR,2021-10-16 13:39:48,-30.1811,-50.2056,63.07,89,100,12.35,overcast clouds
456,Kirakira,SB,2021-10-16 13:39:49,-10.4544,161.9205,78.93,82,100,1.05,overcast clouds
457,Olinda,BR,2021-10-16 13:39:49,-8.0089,-34.8553,83.93,65,75,8.05,broken clouds
458,Morondava,MG,2021-10-16 13:39:49,-20.2833,44.2833,81.07,67,4,12.64,clear sky
459,Gweru,ZW,2021-10-16 13:39:50,-19.45,29.8167,93.88,10,2,1.01,clear sky
460,Nemuro,JP,2021-10-16 13:39:50,43.3236,145.575,52.77,87,100,29.51,light rain
461,Lakatoro,VU,2021-10-16 13:39:51,-16.0999,167.4164,79.09,83,100,4.88,overcast clouds
462,Shache,CN,2021-10-16 13:39:51,38.4167,77.2406,56.08,12,0,4.03,clear sky
463,San Felipe,VE,2021-10-16 13:39:52,10.3399,-68.7425,85.6,69,33,1.39,scattered clouds
464,Boende,CD,2021-10-16 13:39:52,-0.2167,20.8667,87.3,51,90,3.87,overcast clouds
465,Bhairab Bazar,BD,2021-10-16 13:39:52,24.0667,90.9667,87.91,76,100,1.52,overcast clouds
466,Tazovskiy,RU,2021-10-16 13:39:53,67.4667,78.7,35.87,94,100,12.73,overcast clouds
467,Jackson,US,2021-10-16 13:39:53,42.4165,-122.8345,60.04,83,1,0.0,clear sky
468,Chapais,CA,2021-10-16 13:39:54,49.7834,-74.8492,55.18,98,100,7.09,overcast clouds
469,Rawson,AR,2021-10-16 13:39:54,-43.3002,-65.1023,60.85,34,13,18.61,few clouds
470,Zaporizhzhya,UA,2021-10-16 13:37:25,47.8167,35.1833,65.07,48,0,4.47,clear sky
471,Krasnovishersk,RU,2021-10-16 13:39:54,60.4078,57.082,42.37,89,100,8.21,overcast clouds
472,Abay,KZ,2021-10-16 13:39:55,49.6311,72.8539,41.38,51,0,7.07,clear sky
473,Novyy Urgal,RU,2021-10-16 13:39:55,51.0736,132.5642,24.93,94,100,6.44,light snow
474,Bonito,BR,2021-10-16 13:39:54,-21.1211,-56.4819,68.41,83,100,6.85,overcast clouds
475,The Pas,CA,2021-10-16 13:39:56,53.8251,-101.2541,35.62,80,1,9.22,clear sky
476,Vestmanna,FO,2021-10-16 13:39:57,62.1564,-7.1664,43.72,70,90,2.3,overcast clouds
477,Husavik,IS,2021-10-16 13:39:57,66.0449,-17.3389,35.51,72,95,4.34,overcast clouds
478,Raudeberg,NO,2021-10-16 13:39:58,61.9875,5.1352,43.47,90,100,1.01,light rain
479,Kieta,PG,2021-10-16 13:39:58,-6.2167,155.6333,80.33,84,78,4.88,light rain
480,Salinopolis,BR,2021-10-16 13:35:58,-0.6136,-47.3561,85.82,67,72,11.99,broken clouds
481,Eureka,US,2021-10-16 13:39:59,40.8021,-124.1637,45.79,64,73,3.44,broken clouds
482,Puerto Madero,MX,2021-10-16 13:39:59,14.7208,-92.4215,77.2,100,75,0.0,broken clouds
483,Alice Springs,AU,2021-10-16 13:39:59,-23.7,133.8833,72.95,20,5,11.5,clear sky
484,Gisborne,NZ,2021-10-16 13:40:00,-38.6533,178.0042,51.94,82,82,10.69,broken clouds
485,Kropotkin,RU,2021-10-16 13:40:00,45.4375,40.5756,66.74,50,100,6.13,light rain
486,Sijunjung,ID,2021-10-16 13:40:01,-0.6876,100.9537,76.5,90,98,1.74,overcast clouds
487,Jidong,CN,2021-10-16 13:40:01,45.2167,131.0833,26.74,44,6,16.6,clear sky
488,Boa Vista,BR,2021-10-16 13:40:02,2.8197,-60.6733,87.78,51,0,12.66,clear sky
489,Staryy Nadym,RU,2021-10-16 13:40:03,65.6118,72.6842,40.95,92,100,16.22,light rain
490,Irinjalakuda,IN,2021-10-16 13:40:04,10.3333,76.2333,77.83,97,100,4.38,moderate rain
491,Saint-Medard-En-Jalles,FR,2021-10-16 13:40:05,44.8969,-0.7214,70.3,52,0,3.44,clear sky
492,Boralday,KZ,2021-10-16 13:40:05,43.3578,76.8594,51.66,58,75,4.47,smoke
493,Maridi,SS,2021-10-16 13:40:06,4.9158,29.4742,81.54,69,96,1.61,light rain
494,Pemangkat,ID,2021-10-16 13:40:07,1.1667,108.9667,81.01,83,100,3.67,moderate rain
495,Saint-Pierre,RE,2021-10-16 13:40:08,-21.3393,55.4781,80.28,54,20,3.44,few clouds
496,Moose Factory,CA,2021-10-16 13:40:08,51.2585,-80.6094,48.2,87,40,4.61,scattered clouds
497,Berlevag,NO,2021-10-16 13:40:09,70.8578,29.0864,39.38,96,100,25.93,light rain
498,Asyut,EG,2021-10-16 13:40:09,27.181,31.1837,98.78,13,17,17.43,few clouds
499,Lompoc,US,2021-10-16 13:39:16,34.6391,-120.4579,66.42,40,1,10.36,clear sky
500,Castle Douglas,GB,2021-10-16 13:40:10,54.9409,-3.9278,55.33,93,100,1.95,overcast clouds
501,Sault Sainte Marie,CA,2021-10-16 13:40:10,46.5168,-84.3333,50.29,93,90,3.44,mist
502,Nizwa,OM,2021-10-16 13:40:11,22.9333,57.5333,88.36,9,0,8.9,clear sky
503,Kargasok,RU,2021-10-16 13:40:12,59.0556,80.8572,40.8,91,55,7.23,broken clouds
504,Alofi,NU,2021-10-16 13:40:12,-19.0595,-169.9187,77.36,70,2,10.22,clear sky
505,Dehloran,IR,2021-10-16 13:40:13,32.6941,47.2679,98.02,13,42,17.09,scattered clouds
506,Kingston,JM,2021-10-16 13:36:26,17.997,-76.7936,85.15,68,20,1.01,few clouds
507,Gambela,ET,2021-10-16 13:40:14,8.25,34.5833,86.2,65,85,3.74,overcast clouds
508,Saint-Augustin,CA,2021-10-16 13:40:14,51.226,-58.6502,46.0,70,27,17.25,scattered clouds
509,Bundaberg,AU,2021-10-16 13:40:15,-24.85,152.35,64.22,86,0,1.01,clear sky
510,Srandakan,ID,2021-10-16 13:40:15,-7.9386,110.2506,62.73,81,33,5.21,scattered clouds
511,Kaffrine,SN,2021-10-16 13:40:15,14.1059,-15.5508,95.29,41,48,6.89,scattered clouds
512,Jatai,BR,2021-10-16 13:35:46,-17.8814,-51.7144,84.25,48,96,6.85,overcast clouds
513,Ayagoz,KZ,2021-10-16 13:40:16,47.9714,80.4392,45.23,41,0,5.95,clear sky
514,Marienburg,PL,2021-10-16 13:40:16,54.0359,19.0266,53.85,69,92,13.65,overcast clouds
515,Madimba,TZ,2021-10-16 13:40:17,-10.4,40.3333,80.28,69,13,11.81,few clouds
516,Vila Franca Do Campo,PT,2021-10-16 13:33:30,37.7167,-25.4333,72.01,79,96,10.07,overcast clouds
517,Kaseda,JP,2021-10-16 13:40:17,31.4167,130.3167,70.84,84,75,23.96,broken clouds
518,Seoul,KR,2021-10-16 13:38:13,37.5683,126.9778,44.04,41,0,13.8,clear sky
519,Quatre Cocos,MU,2021-10-16 13:40:18,-20.2078,57.7625,77.11,72,12,16.31,few clouds
520,Atyrau,KZ,2021-10-16 13:36:45,47.1167,51.8833,66.22,19,0,11.18,clear sky
521,Shimoda,JP,2021-10-16 13:40:19,34.6667,138.95,71.71,89,13,14.56,few clouds
522,Finnsnes,NO,2021-10-16 13:40:19,69.2296,17.9811,38.75,75,100,2.89,light rain
523,Wilmington,US,2021-10-16 13:40:20,34.2257,-77.9447,78.98,80,1,6.91,clear sky
524,Nadym,RU,2021-10-16 13:40:20,65.5333,72.5167,41.14,92,100,16.51,light rain
525,Plettenberg Bay,ZA,2021-10-16 13:40:20,-34.0527,23.3716,56.23,76,61,23.47,light rain
526,Hamilton,US,2021-10-16 13:40:21,39.1834,-84.5333,55.65,86,40,3.0,scattered clouds
527,Kearney,US,2021-10-16 13:40:21,40.6995,-99.0815,36.25,68,1,1.99,clear sky
528,San Ramon,US,2021-10-16 13:40:22,37.7799,-121.978,63.37,51,1,0.0,clear sky
529,Yoichi,JP,2021-10-16 13:40:22,43.2039,140.7703,52.61,91,100,16.22,light rain
530,Tabuk,PH,2021-10-16 13:40:23,17.4189,121.4443,74.55,91,44,2.91,scattered clouds
531,Keffi,NG,2021-10-16 13:40:23,8.8486,7.8736,89.98,42,15,3.87,few clouds
532,Zherdevka,RU,2021-10-16 13:40:24,51.8486,41.4606,51.1,52,95,6.93,overcast clouds
533,Miri,MY,2021-10-16 13:35:34,4.4148,114.0089,84.34,79,40,4.61,scattered clouds
534,Krasnokamensk,RU,2021-10-16 13:40:24,50.0979,118.0369,14.95,86,85,5.46,overcast clouds
535,Luanda,AO,2021-10-16 13:40:25,-8.8368,13.2343,78.76,70,22,14.9,few clouds
536,Gigmoto,PH,2021-10-16 13:40:25,13.7796,124.39,79.81,85,84,2.1,broken clouds
537,Zyryanskoye,RU,2021-10-16 13:40:26,56.8306,86.6258,37.71,85,5,2.64,clear sky
538,Lana,IT,2021-10-16 13:40:27,46.6124,11.1559,68.45,51,25,3.29,scattered clouds
539,Sturgeon Bay,US,2021-10-16 13:40:27,44.8342,-87.377,46.8,76,1,16.11,clear sky
540,Ifanadiana,MG,2021-10-16 13:40:28,-21.3,47.6333,75.69,58,26,7.34,scattered clouds
541,Anuradhapura,LK,2021-10-16 13:40:28,8.3565,80.4173,79.56,76,39,16.06,scattered clouds
542,Abha,SA,2021-10-16 13:40:28,18.2164,42.5053,78.62,8,0,11.5,clear sky
543,Huarmey,PE,2021-10-16 13:40:29,-10.0681,-78.1522,66.31,80,86,8.63,overcast clouds
544,Vacaria,BR,2021-10-16 13:40:29,-28.5122,-50.9339,55.72,90,100,8.14,overcast clouds
545,Pandan,PH,2021-10-16 13:40:30,14.0453,124.1694,79.41,87,71,2.55,broken clouds
546,Dinanagar,IN,2021-10-16 13:40:30,32.15,75.4667,80.85,43,0,5.68,clear sky
547,Ballina,AU,2021-10-16 13:40:31,-28.8667,153.5667,59.18,67,2,2.3,clear sky
548,Plastun,RU,2021-10-16 13:40:31,44.7561,136.2939,31.28,57,3,12.3,clear sky
549,Ostrovnoy,RU,2021-10-16 13:35:42,68.0531,39.5131,37.45,96,100,12.93,overcast clouds
550,Saldanha,ZA,2021-10-16 13:40:32,-33.0117,17.9442,64.45,63,30,18.05,scattered clouds
551,Cochrane,CA,2021-10-16 13:39:23,51.1834,-114.4687,42.04,57,1,12.66,clear sky
552,Port-Cartier,CA,2021-10-16 13:40:07,50.0334,-66.8654,47.75,84,99,15.59,overcast clouds
553,Thinadhoo,MV,2021-10-16 13:40:33,0.5333,72.9333,83.55,78,93,21.88,overcast clouds
554,Yumen,CN,2021-10-16 13:40:34,40.2833,97.2,45.07,34,0,17.58,clear sky
555,Aksarka,RU,2021-10-16 13:40:34,66.5606,67.7975,40.75,87,100,13.31,overcast clouds
556,Arica,CL,2021-10-16 13:38:00,-18.475,-70.3042,62.83,63,0,3.44,clear sky
557,Neufchateau,FR,2021-10-16 13:40:35,48.35,5.7,62.49,58,3,5.53,clear sky
558,Ormara,PK,2021-10-16 13:40:35,25.2088,64.6357,81.99,57,0,7.29,clear sky
559,Svetlogorsk,BY,2021-10-16 13:40:36,52.6333,29.7333,50.22,69,98,7.9,overcast clouds
560,Belmonte,BR,2021-10-16 13:40:36,-15.8631,-38.8828,82.9,71,100,11.59,overcast clouds
561,Akot,IN,2021-10-16 13:40:36,21.0964,77.0586,75.81,86,100,5.21,moderate rain
562,Woodstock,CA,2021-10-16 13:37:01,43.1334,-80.7497,53.04,95,100,14.0,overcast clouds
563,Richards Bay,ZA,2021-10-16 13:40:37,-28.783,32.0377,70.65,73,98,13.82,overcast clouds
564,Port Blair,IN,2021-10-16 13:38:50,11.6667,92.75,80.44,87,100,13.18,moderate rain
565,Mahina,PF,2021-10-16 13:40:38,-17.5065,-149.489,74.97,78,20,3.44,few clouds
566,Winnemucca,US,2021-10-16 13:40:38,40.973,-117.7357,47.12,27,6,3.96,clear sky
567,Mchinji,MW,2021-10-16 13:40:39,-13.7984,32.8802,83.35,31,82,9.44,broken clouds
568,Havant,GB,2021-10-16 13:40:39,50.8567,-0.9856,65.08,82,59,3.0,broken clouds
569,Westport,US,2021-10-16 13:40:39,41.1415,-73.3579,72.9,85,75,3.0,broken clouds
570,Itoman,JP,2021-10-16 13:40:40,26.1247,127.6694,80.62,78,20,12.66,few clouds
571,Port-Gentil,GA,2021-10-16 13:40:40,-0.7193,8.7815,84.16,74,40,17.27,scattered clouds
572,Valdivia,CL,2021-10-16 13:40:41,-39.8142,-73.2459,48.29,75,100,2.42,overcast clouds
573,Warwick,US,2021-10-16 13:39:25,41.7001,-71.4162,71.94,87,75,11.5,broken clouds
574,Okhotsk,RU,2021-10-16 13:40:41,59.3833,143.3,18.0,73,13,9.13,few clouds
575,Kruisfontein,ZA,2021-10-16 13:40:42,-34.0033,24.7314,58.64,63,3,35.66,clear sky
576,Kuryk,KZ,2021-10-16 13:40:42,43.2,51.65,67.6,27,0,8.63,clear sky
577,Mabaruma,GY,2021-10-16 13:40:43,8.2,-59.7833,90.54,53,95,5.39,overcast clouds
578,Lodja,CD,2021-10-16 13:40:23,-3.4833,23.4333,84.04,54,96,4.07,overcast clouds
579,Ranong,TH,2021-10-16 13:40:43,9.9658,98.6348,76.93,84,84,5.7,broken clouds
580,Severo-Kurilsk,RU,2021-10-16 13:40:44,50.6789,156.125,40.06,65,7,19.89,clear sky
581,Markivka,UA,2021-10-16 13:40:44,49.5229,39.5705,58.03,49,100,5.5,overcast clouds
582,Yatou,CN,2021-10-16 13:40:44,37.15,122.3833,45.88,48,20,22.62,few clouds
583,Visby,SE,2021-10-16 13:40:45,57.6409,18.296,57.06,71,20,21.85,few clouds
584,Taksimo,RU,2021-10-16 13:40:45,56.3444,114.8794,20.75,70,100,2.13,overcast clouds
585,Levelland,US,2021-10-16 13:40:46,33.5873,-102.378,48.96,46,0,5.14,clear sky
586,Port Macquarie,AU,2021-10-16 13:35:53,-31.4333,152.9167,57.16,68,2,7.27,clear sky
587,The Hammocks,US,2021-10-16 13:40:46,25.6715,-80.4445,84.02,82,1,8.05,clear sky
588,Sinyavino,RU,2021-10-16 13:40:47,59.9078,31.0711,48.0,31,55,13.8,broken clouds
589,Waingapu,ID,2021-10-16 13:40:47,-9.6567,120.2641,81.57,82,19,1.79,few clouds
590,Naroda,IN,2021-10-16 13:40:48,23.0833,72.6667,87.76,33,86,3.44,smoke
591,Mecca,SA,2021-10-16 13:40:48,21.4267,39.8261,95.23,30,0,13.11,clear sky
592,Monticello,US,2021-10-16 13:40:48,45.3055,-93.7941,42.08,89,1,9.22,clear sky
593,Doka,SD,2021-10-16 13:40:49,13.5167,35.7667,91.29,41,13,1.79,few clouds
594,Aykhal,RU,2021-10-16 13:40:50,66.0,111.5,7.5,99,94,5.7,overcast clouds
595,Ati,TD,2021-10-16 13:40:50,13.2154,18.3353,93.31,38,38,2.35,scattered clouds
596,Hualmay,PE,2021-10-16 13:40:50,-11.0964,-77.6139,64.76,81,81,7.38,broken clouds
597,Ust-Ilimsk,RU,2021-10-16 13:40:51,58.0006,102.6619,34.84,98,100,7.96,light rain
598,Sao Felix Do Xingu,BR,2021-10-16 13:40:51,-6.6447,-51.995,97.25,34,99,3.58,overcast clouds
599,Giovinazzo,IT,2021-10-16 13:40:52,41.1864,16.6674,63.82,65,75,4.0,broken clouds
600,Lima,PE,2021-10-16 13:37:06,-12.0432,-77.0282,69.91,79,75,8.05,broken clouds
601,Magistralnyy,RU,2021-10-16 13:40:52,56.1725,107.4458,29.55,97,100,4.23,light snow
602,Anloga,GH,2021-10-16 13:40:53,5.7947,0.8973,86.22,72,64,16.11,broken clouds
603,Hirara,JP,2021-10-16 13:40:53,24.8,125.2833,80.65,74,1,9.44,clear sky
604,Katobu,ID,2021-10-16 13:40:53,-4.9408,122.5276,77.27,87,38,3.85,scattered clouds
605,Manturovo,RU,2021-10-16 13:40:54,58.3353,44.7619,46.2,78,100,12.97,overcast clouds
606,Ha Giang,VN,2021-10-16 13:40:54,22.8333,104.9833,65.62,89,100,4.56,overcast clouds
607,Garchitorena,PH,2021-10-16 13:40:54,13.8804,123.6946,80.47,85,96,3.13,overcast clouds
608,Mana,GF,2021-10-16 13:40:55,5.6592,-53.7767,87.24,64,31,8.01,scattered clouds
609,Kismayo,SO,2021-10-16 13:40:55,-0.3582,42.5454,80.69,70,62,16.37,broken clouds
610,Srednekolymsk,RU,2021-10-16 13:40:56,67.45,153.6833,6.37,98,90,5.97,overcast clouds
611,Shakhunya,RU,2021-10-16 13:40:56,57.6758,46.6114,44.26,78,100,13.38,overcast clouds
612,Charcas,MX,2021-10-16 13:40:57,23.1333,-101.1167,59.11,86,66,7.9,broken clouds
613,Radstadt,AT,2021-10-16 13:40:57,47.3833,13.45,56.7,74,83,1.81,broken clouds
614,Parelhas,BR,2021-10-16 13:40:57,-6.6878,-36.6575,93.87,28,58,19.6,broken clouds
615,Yarada,IN,2021-10-16 13:40:58,17.65,83.2667,82.72,89,75,3.44,mist
616,Litovko,RU,2021-10-16 13:40:58,49.2361,135.1742,28.04,85,100,6.73,overcast clouds
617,Sao Miguel Do Iguacu,BR,2021-10-16 13:40:59,-25.3481,-54.2378,69.01,70,89,4.27,overcast clouds
618,Mogilno,PL,2021-10-16 13:40:59,52.6581,17.9558,52.21,66,100,7.0,overcast clouds
619,Amot,NO,2021-10-16 13:40:59,59.5714,7.9877,44.49,65,82,9.42,broken clouds
620,Kholm-Zhirkovskiy,RU,2021-10-16 13:41:00,55.5189,33.4731,44.04,76,61,9.69,broken clouds
621,Lavrentiya,RU,2021-10-16 13:41:01,65.5833,-171.0,24.76,83,90,11.16,overcast clouds
622,Menongue,AO,2021-10-16 13:41:02,-14.6585,17.691,97.74,9,27,6.22,scattered clouds
623,Bathsheba,BB,2021-10-16 13:41:02,13.2167,-59.5167,86.61,74,40,11.5,scattered clouds
624,Yabelo,ET,2021-10-16 13:41:03,4.8833,38.0833,66.78,61,94,7.9,light rain
625,Grand Gaube,MU,2021-10-16 13:41:03,-20.0064,57.6608,77.4,73,43,11.99,scattered clouds
626,Ust-Tsilma,RU,2021-10-16 13:41:03,65.441,52.1498,39.76,80,100,6.82,overcast clouds
627,Elbistan,TR,2021-10-16 13:41:04,38.2059,37.1983,73.47,18,0,1.12,clear sky
628,Altay,CN,2021-10-16 13:41:05,47.8667,88.1167,41.2,41,1,11.39,clear sky
629,Sabang,ID,2021-10-16 13:41:05,5.8933,95.3214,83.05,79,95,13.15,overcast clouds
630,Urumqi,CN,2021-10-16 13:40:07,43.801,87.6005,49.15,37,0,6.71,clear sky
631,Lexington,US,2021-10-16 13:40:06,37.9887,-84.4777,53.6,80,40,3.0,scattered clouds
632,Tessaoua,NE,2021-10-16 13:41:06,13.7574,7.9874,85.71,46,98,17.11,overcast clouds
633,Skibbereen,IE,2021-10-16 13:41:06,51.55,-9.2667,58.8,88,100,14.67,overcast clouds
634,Nyurba,RU,2021-10-16 13:41:07,63.2842,118.3319,19.51,93,97,4.12,overcast clouds
635,Ripoll,ES,2021-10-16 13:41:07,42.2006,2.1903,73.36,51,4,1.01,clear sky
636,Rocha,UY,2021-10-16 13:37:26,-34.4833,-54.3333,58.55,46,0,8.57,clear sky
637,Paramonga,PE,2021-10-16 13:41:30,-10.6667,-77.8333,63.99,85,92,7.11,overcast clouds
638,Kimbe,PG,2021-10-16 13:41:30,-5.5502,150.1429,77.2,92,68,3.94,broken clouds
639,Kupino,RU,2021-10-16 13:41:30,54.3663,77.2981,42.31,71,3,4.52,clear sky
640,Yarim,YE,2021-10-16 13:41:31,14.298,44.3779,64.67,21,100,9.51,overcast clouds
641,Bouna,CI,2021-10-16 13:41:31,9.2667,-3.0,95.86,28,65,4.79,broken clouds
642,Shirgaon,IN,2021-10-16 13:41:31,19.7,72.7,81.5,67,74,8.5,broken clouds
643,Sao Lourenco Do Sul,BR,2021-10-16 13:41:32,-31.3653,-51.9783,62.65,65,72,14.32,broken clouds
644,Sorland,NO,2021-10-16 13:41:33,67.667,12.6934,37.47,53,100,17.85,overcast clouds
645,Tiksi,RU,2021-10-16 13:41:33,71.6872,128.8694,6.39,94,100,5.44,overcast clouds
646,Camacha,PT,2021-10-16 13:41:33,33.0833,-16.3333,72.82,64,20,8.05,few clouds
647,Hobyo,SO,2021-10-16 13:41:34,5.3505,48.5268,80.04,80,97,18.28,overcast clouds
648,Cap-Aux-Meules,CA,2021-10-16 13:41:34,47.3821,-61.8597,55.45,87,20,6.91,few clouds
649,Vuktyl,RU,2021-10-16 13:41:34,63.8567,57.3094,39.36,88,100,10.51,overcast clouds
650,Mokokchung,IN,2021-10-16 13:41:35,26.3333,94.5333,65.98,80,56,3.94,broken clouds
651,Bay Roberts,CA,2021-10-16 13:41:35,47.5999,-53.2648,48.51,87,100,5.99,overcast clouds
652,Istiaia,GR,2021-10-16 13:39:50,38.9558,23.1528,66.65,86,86,3.09,overcast clouds
653,Tezu,IN,2021-10-16 13:41:36,27.9167,96.1667,80.08,72,31,4.23,scattered clouds
654,Devils Lake,US,2021-10-16 13:38:44,48.1128,-98.8651,39.94,85,1,4.0,clear sky
655,Karpathos,GR,2021-10-16 13:41:36,35.507,27.2132,73.36,60,40,14.97,scattered clouds
656,Hovd,MN,2021-10-16 13:41:37,48.0056,91.6419,34.88,48,95,0.78,overcast clouds
657,Marsh Harbour,BS,2021-10-16 13:41:37,26.5412,-77.0636,80.24,66,19,5.35,few clouds
658,Lebedinyy,RU,2021-10-16 13:41:38,58.5167,125.5167,5.07,90,19,8.48,few clouds
659,Roald,NO,2021-10-16 13:41:38,62.5833,6.1333,44.01,75,75,3.44,broken clouds
660,Ampanihy,MG,2021-10-16 13:41:39,-24.7,44.75,91.44,27,62,14.97,broken clouds
661,Kokoda,PG,2021-10-16 13:41:39,-8.8785,147.7407,75.15,96,97,0.13,overcast clouds
662,Loiza,PR,2021-10-16 13:41:40,18.4313,-65.8802,88.97,73,40,0.0,scattered clouds
663,Harper,LR,2021-10-16 13:39:50,4.375,-7.7169,82.27,74,27,4.79,light rain
664,Newark,US,2021-10-16 13:36:47,40.7357,-74.1724,72.91,72,75,1.01,broken clouds
665,Pangody,RU,2021-10-16 13:41:41,65.85,74.4859,40.57,89,100,16.26,overcast clouds
666,Egvekinot,RU,2021-10-16 13:41:41,66.3167,-179.1667,12.13,89,53,10.6,broken clouds
667,Saint-Joseph,RE,2021-10-16 13:41:42,-21.3667,55.6167,77.38,77,52,11.81,broken clouds
668,Suntar,RU,2021-10-16 13:41:42,62.1444,117.6319,24.55,94,100,3.94,light snow
669,Honningsvag,NO,2021-10-16 13:41:42,70.9821,25.9704,41.0,74,100,25.57,overcast clouds
670,Potsdam,DE,2021-10-16 13:39:29,52.3989,13.0657,57.06,84,48,7.67,scattered clouds
671,Arvin,US,2021-10-16 13:41:43,35.2091,-118.8284,68.45,21,0,4.85,clear sky
672,Manaure,CO,2021-10-16 13:41:44,11.7751,-72.4445,84.13,70,100,2.08,overcast clouds
673,Abnub,EG,2021-10-16 13:41:44,27.2696,31.1511,98.82,13,22,17.22,few clouds
674,Iguape,BR,2021-10-16 13:41:44,-24.7081,-47.5553,72.37,92,99,12.75,overcast clouds
675,Umea,SE,2021-10-16 13:41:45,63.8284,20.2597,40.93,65,0,19.57,clear sky
676,Verkhnevilyuysk,RU,2021-10-16 13:41:45,63.4453,120.3167,16.3,91,91,3.4,overcast clouds
677,Boyolangu,ID,2021-10-16 13:41:45,-8.1181,111.8935,76.15,88,75,4.14,broken clouds
678,Kayunga,UG,2021-10-16 13:41:46,0.7025,32.8886,74.19,70,85,1.88,light rain
679,Vila Velha,BR,2021-10-16 13:41:46,-20.3297,-40.2925,87.75,55,40,18.41,scattered clouds
680,Noyabrsk,RU,2021-10-16 13:41:47,63.1994,75.4507,44.26,80,100,18.28,overcast clouds
681,Zhigansk,RU,2021-10-16 13:41:47,66.7697,123.3711,12.43,94,97,8.59,overcast clouds
682,Darab,IR,2021-10-16 13:41:47,28.7519,54.5444,79.68,14,0,8.43,clear sky
683,Tecoanapa,MX,2021-10-16 13:41:48,16.5167,-98.75,79.32,80,48,3.6,scattered clouds
684,Isangel,VU,2021-10-16 13:41:48,-19.55,169.2667,75.88,91,100,5.88,overcast clouds
685,Bardiyah,LY,2021-10-16 13:41:49,31.7561,25.0865,77.9,42,0,14.5,clear sky
686,Shakiso,ET,2021-10-16 13:41:49,5.75,38.9167,66.9,78,100,3.78,light rain
687,Timmins,CA,2021-10-16 13:40:59,48.4669,-81.3331,44.42,93,75,2.3,broken clouds
688,Calvia,ES,2021-10-16 13:41:50,39.5657,2.5062,75.67,71,43,3.98,scattered clouds
689,Severnyy,RU,2021-10-16 13:41:50,50.677,36.5532,53.64,54,0,0.0,clear sky
